{"E:\\remoteloc\\local\\test.dgn": 1585817845.495013, "E:\\remoteloc\\local\\test2.dgn": 1585816217.2726715, "E:\\remoteloc\\local\\another_test.dgn": 1585817845.500996}