{"E:\\remoteloc\\local\\test.dgn": 1585893060.1374142, "E:\\remoteloc\\local\\test2.dgn": 1585893060.145406, "E:\\remoteloc\\local\\another_test.dgn": 1585893060.1514013}